,precision,recall,f1-score,support
0,0.6428571428571429,0.7021276595744681,0.6711864406779661,141.0
1,0.7469879518072289,0.6927374301675978,0.7188405797101449,179.0
accuracy,0.696875,0.696875,0.696875,0.696875
macro avg,0.6949225473321858,0.697432544871033,0.6950135101940556,320.0
weighted avg,0.7011053141135972,0.696875,0.6978429746990911,320.0
