,precision,recall,f1-score,support
0,0.6168831168831169,0.7723577235772358,0.6859205776173285,123.0
1,0.8028169014084507,0.6589595375722543,0.7238095238095238,173.0
accuracy,0.706081081081081,0.706081081081081,0.706081081081081,0.706081081081081
macro avg,0.7098500091457838,0.715658630574745,0.7048650507134262,296.0
weighted avg,0.7255538760820451,0.706081081081081,0.7080651306283074,296.0
