,precision,recall,f1-score,support
0,0.6643835616438356,0.7886178861788617,0.7211895910780669,123.0
1,0.8266666666666667,0.7167630057803468,0.7678018575851393,173.0
accuracy,0.7466216216216216,0.7466216216216216,0.7466216216216216,0.7466216216216216
macro avg,0.7455251141552511,0.7526904459796042,0.744495724331603,296.0
weighted avg,0.7592314574848821,0.7466216216216216,0.7484325711649706,296.0
