,precision,recall,f1-score,support
0,0.7464788732394366,0.8617886178861789,0.8000000000000002,123.0
1,0.8896103896103896,0.791907514450867,0.8379204892966361,173.0
accuracy,0.8209459459459459,0.8209459459459459,0.8209459459459459,0.8209459459459459
macro avg,0.8180446314249131,0.8268480661685229,0.8189602446483182,296.0
weighted avg,0.8301334419292165,0.8209459459459459,0.8221629886767503,296.0
