,precision,recall,f1-score,support
0,0.792,0.7021276595744681,0.7443609022556392,141.0
1,0.7846153846153846,0.8547486033519553,0.8181818181818182,179.0
accuracy,0.7875,0.7875,0.7875,0.7875
macro avg,0.7883076923076924,0.7784381314632117,0.7812713602187287,320.0
weighted avg,0.7878692307692308,0.7875,0.7856544771018455,320.0
