,precision,recall,f1-score,support
0,0.6883116883116883,0.75177304964539,0.7186440677966103,141.0
1,0.7891566265060241,0.7318435754189944,0.7594202898550725,179.0
accuracy,0.740625,0.740625,0.740625,0.740625
macro avg,0.7387341574088562,0.7418083125321921,0.7390321788258414,320.0
weighted avg,0.7447218256141449,0.740625,0.7414532670105626,320.0
