,precision,recall,f1-score,support
0,0.7638888888888888,0.7801418439716312,0.7719298245614035,141.0
1,0.8238636363636364,0.8100558659217877,0.8169014084507041,179.0
accuracy,0.796875,0.796875,0.796875,0.796875
macro avg,0.7938762626262625,0.7950988549467095,0.7944156165060539,320.0
weighted avg,0.7974372632575758,0.796875,0.7970858042994811,320.0
